καί,"and, even, also, namely"
ὁ,the
δέ,"but, on the other hand, and"
ἐν,"in, on, among"
τοῦ,the
εἰς,"into, in, among, till, for"
τό,the
οὐ,"no, not"
τόν,the
τήν,the
αὐτοῦ,"he, she, it, they, them, same"
τῆς,the
ὅτι,"that, since, because"
τῷ,the
τῶν,the
οἱ,the
γάρ,for
μή,"not, lest"
ἡ,the
αὐτόν,"he, she, it, they, them, same"
ἐκ,"from out, out from among, from"
ἐστί(ν),"I am, exist"
ἐπί,"on, to, against, on the basis of, at"
τῇ,the
αὐτῷ,"he, she, it, they, them, same"
τά,the
τούς,the
πρός,"to, towards, with"
θεοῦ,"God, a god"
διά,"through, on account of"
ἵνα,"in order that, so that"
ἀπό,"from, away from"
ἀλλά,"but, except"
τοῖς,the
εἶπε(ν),"I say, speak"
ὑμῖν,you
αὐτῶν,"he, she, it, they, them, same"
ὑμῶν,you
αὐτοῖς,"he, she, it, they, them, same"
μου,I
ὡς,"as, like as, how, while, so that"
εἰ,if
οὖν,"therefore, then"
μετά,"with, after"
κατά,"down from, against, according to, throughout, during"
Ἰησοῦς,Jesus
ὑμᾶς,you
σου,you
ἡμῶν,I
αὐτούς,"he, she, it, they, them, same"
ἤ,"or, than"
ἐγώ,I
τί,"who, which, what"
τάς,the
λέγει,"I say, speak"
τοῦτο,"this, he, she, it"
περί,"about, concerning, around"
ἐάν,if
Ἰησοῦ,Jesus
ἦν,"I am, exist"
θεός,"God, a god"
με,I
πάντα,"all, the whole, every kind of"
ὅ,"who, which, what, that"
Χριστοῦ,"anointed, the Messiah, the Christ"
ταῦτα,"this, he, she, it"
κυρίου,"lord, Lord, master, sir"
ὑμεῖς,you
τις,"any one, some one"
μοι,I
ὑπό,"by, under, about"
ὅς,"who, which, what, that"
τέ,"and, both"
λέγω,"I say, speak"
οὕτω(ς),"thus, so, in this manner"
ταῖς,the
ἐγένετο,"I come into being, am born"
ἰδού,See! Lo! Behold! Look!
παρά,"from, in the presence of"
οὗτος,"this, he, she, it"
καθώς,"just as, as"
πάντες,"all, the whole, every kind of"
μέν,"truly, indeed"
λέγων,"I say, speak"
κύριος,"lord, Lord, master, sir"
σύ,you
ἄν,an untranslatable word that makes a statement contingent
αὐτῆς,"he, she, it, they, them, same"
ἡμῖν,I
αὐτός,"he, she, it, they, them, same"
ὅν,"who, which, what, that"
ἡμᾶς,I
σοι,you
τότε,then
υἱός,"a son, descendent"
πνεῦμα,"wind, breath, spirit"
θεῷ,"God, a god"
σε,you
εἰσί(ν),"I am, exist"
λέγοντες,"I say, speak"
ὑπέρ,"in behalf of, above"
τίς,"who, which, what"
θεόν,"God, a god"
αἱ,the
ἕως,"until, as far as"
νῦν,"now, already, at present"
ἀδελφοί,a brother
οὐδέ,"neither, nor, not even"
πάλιν,"again, further, on the other hand"
εἰμί,"I am, exist"
γῆς,"the earth, soil, land"
πάντων,"all, the whole, every kind of"
αὐτήν,"he, she, it, they, them, same"
λόγον,"a word, speech, divine utterance, analogy"
σύν,with
ἀνθρώπου,"a man, one of the human race"
ἀμήν,"verily, truly, amen, so let it be"
Ἰησοῦν,Jesus
ἡμεῖς,I
ἡμέρας,a day
δύο,two
εἶναι,"I am, exist"
ὅταν,"when, whensoever"
ἄνθρωπος,"a man, one of the human race"
ἔσται,"I am, exist"
ᾧ,"who, which, what, that"
κύριε,"lord, Lord, master, sir"
ἅ,"who, which, what, that"
οὗ,"who, which, what, that"
Χριστός,"anointed, the Messiah, the Christ"
πατήρ,"father, Father, ancestor"
ἐμοῦ,I
μαθηταί,"a learner, disciple, pupil"
αὐτῇ,"he, she, it, they, them, same"
ὄνομα,"name, character, reputation"
αὐτό,"he, she, it, they, them, same"
πῶς,"how, in what manner"
Χριστῷ,"anointed, the Messiah, the Christ"
ἔχει,"I have, hold, possess"
ὅτε,when
πατρός,"father, Father, ancestor"
Πέτρος,Peter
κυρίῳ,"lord, Lord, master, sir"
τι,"any one, some one"
ἀνθρώπων,"a man, one of the human race"
ἥν,"who, which, what, that"
οὐδείς,"no one, none, nothing"
εἷς,one
ἦσαν,"I am, exist"
πᾶς,"all, the whole, every kind of"
ἐκεῖ,"there, yonder, thither"
εἶπαν,"I say, speak"
ὀνόματι,"name, character, reputation"
πνεύματος,"wind, breath, spirit"
ἀποκριθείς,"I answer, reply"
ἐνώπιον,"before the face of, in the presence of"
ἔτι,"still, yet, even now"
πίστεως,"faith, belief, trust"
πατέρα,"father, Father, ancestor"
ἐστέ,"I am, exist"
οὐρανοῦ,"the sky, the heaven"
εἶ,"I am, exist"
ἐμέ,I
ἐμοί,I
πνεύματι,"wind, breath, spirit"
πάντας,"all, the whole, every kind of"
τούτῳ,"this, he, she, it"
ἦλθε(ν),"I come, go"
ἔρχεται,"I come, go"
ἑπτά,seven
πᾶσι(ν),"all, the whole, every kind of"
οὔτε,"and not, neither, nor"
αὐτοί,"he, she, it, they, them, same"
ἔχων,"I have, hold, possess"
οὐδέν,"no one, none, nothing"
υἱόν,"a son, descendent"
ἡμέρᾳ,a day
πολλοί,"much, many, often"
ὥστε,"so that, therefore"
ἀπεκρίθη,"I answer, reply"
ὅπου,"where, whither"
μᾶλλον,"more, rather"
ὧν,"who, which, what, that"
Παῦλος,Paul
ἔλεγον,"I say, speak"
δεῖ,I bind
Ἰερουσαλήμ,Jerusalem
εἶδον,"I see, look upon, experience"
γῆν,"the earth, soil, land"
νεκρῶν,"dead, a corpse"
πᾶν,"all, the whole, every kind of"
δώδεκα,twelve
ἐποίησε(ν),"I do, make"
κἀγώ,"I also, I too"
οὗτοι,"this, he, she, it"
Ἀβραάμ,Abraham
τούτων,"this, he, she, it"
αὕτη,"this, he, she, it"
μόνον,"only, solitary, desolate"
γυνή,"a woman, wife, my lady"
κόσμου,"the world, universe"
ἔλεγε(ν),"I say, speak"
δύναται,"I am powerful, am able"
ἕν,one
σῶμα,"body, flesh"
τούτου,"this, he, she, it"
Ἰουδαίων,Jewish
λόγος,"a word, speech, divine utterance, analogy"
Ἰσραήλ,Israel
νόμου,"a law, the Mosaic Law"
κύριον,"lord, Lord, master, sir"
ἀλλήλους,one another
γέγραπται,I write
ἐξῆλθε(ν),"I go out, come out"
Χριστόν,"anointed, the Messiah, the Christ"
ἑαυτόν,"himself, herself, itself"
ἑαυτούς,"himself, herself, itself"
εἴτε,"and if, whether"
ἔδωκε(ν),"I offer, give"
πρῶτον,"first, before"
πολλά,"much, many, often"
τέκνα,"a child, descendent, inhabitant"
πόλιν,a city
ἄνδρες,"a male human being, a man"
οἴδατε,"I know, remember"
ἦλθον,"I come, go"
ἄνθρωπον,"a man, one of the human race"
ἔξω,"without, outside"
ὧδε,here
χάρις,"grace, favor, kindness"
ἤδη,"now, already"
οἵτινες,"whosoever, whichsoever, whatsoever"
ἰδών,"I see, look upon, experience"
βασιλείαν,"kingship, sovereignty, authority, rule, kingdom"
ζωήν,life
χεῖρας,a hand
τοῦτον,"this, he, she, it"
σοῦ,you
παντί,"all, the whole, every kind of"
Δαυίδ,David
νόμον,"a law, the Mosaic Law"
λέγουσι(ν),"I say, speak"
ἔργα,"work, labor, action, deed"
ἐκεῖνος,"that, that one there, yonder"
εἶπον,"I say, speak"
ἡμέραν,a day
ἁμαρτίας,a sin
πίστει,"faith, belief, trust"
δόξαν,"honor, renown, glory splendor"
καρδίας,"the heart, inner life, intention"
ὅσα,"how much, how great, how many"
οἶκον,"a house, household"
μηδέ,"and not, not even"
Ἰουδαῖοι,Jewish
τινες,"any one, some one"
ἐξουσίαν,"power, authority, weight"
οἶδα,"I know, remember"
αὐτά,"he, she, it, they, them, same"
πᾶσαν,"all, the whole, every kind of"
πόδας,the foot
πίστιν,"faith, belief, trust"
βασιλεία,"kingship, sovereignty, authority, rule, kingdom"
Ἰωάννης,John
καλόν,"beautiful, good, worthy"
θανάτου,death
διό,wherefore
οὐχί,"by no means, not at all"
ὅπως,"how, in order that, so that"
ταύτην,"this, he, she, it"
ἐσμέν,"I am, exist"
οὕς,"who, which, what, that"
ἔθνη,"a race, people, the Gentiles"
ἀνήρ,"a male human being, a man"
γυναῖκα,"a woman, wife, my lady"
ἀκούσαντες,"I hear, listen"
εὐθύς,"straight, immediately"
ὁδόν,"a way, road, journey"
σοί,you
ἑαυτοῖς,"himself, herself, itself"
ἐλθών,"I come, go"
ἔχετε,"I have, hold, possess"
ποῦ,"where, whither"
ἀρχιερεῖς,"high priest, chief priest"
ἧς,"who, which, what, that"
ἡμέραις,a day
ἄρα,"then, therefore, since"
Φαρισαῖοι,a Pharisee
βασιλεύς,"a king, ruler, emperor"
ἔμπροσθεν,"in front, before the face"
δόξης,"honor, renown, glory splendor"
ἔχω,"I have, hold, possess"
φῶς,"light, a source of light"
οὐκέτι,"no longer, no more"
ἑαυτοῦ,"himself, herself, itself"
ἄγγελος,"an angel, messenger"
ζωῆς,life
πρό,before
ἄχρι,"as far as, up to, until"
ποιῆσαι,"I do, make"
ἅγιον,"set apart, holy, sacred"
οἷς,"who, which, what, that"
πᾶσα,"all, the whole, every kind of"
γένηται,"I come into being, am born"
ἔχοντες,"I have, hold, possess"
μαθητῶν,"a learner, disciple, pupil"
ὄχλος,a crowd
τόπον,a place
κόσμον,"the world, universe"
οὐαί,"woe!, alas!"
ἐθνῶν,"a race, people, the Gentiles"
αἰώνιον,"eternal, unending"
λόγῳ,"a word, speech, divine utterance, analogy"
πάσῃ,"all, the whole, every kind of"
λαόν,"a people, the crowd"
ὤν,"I am, exist"
ἀνθρώποις,"a man, one of the human race"
πρόσωπον,"the face, countenance, surface"
ἀληθείας,truth
θάλασσαν,"the sea, lake"
οὐρανόν,"the sky, the heaven"
ἔφη,I say
ᾖ,"I am, exist"
οἴδαμεν,"I know, remember"
ἀδελφός,a brother
ἔχομεν,"I have, hold, possess"
αἷμα,blood
εἰσῆλθε(ν),"I go in, come in, enter"
ἁγίου,"set apart, holy, sacred"
πάσης,"all, the whole, every kind of"
εἶδε(ν),"I see, look upon, experience"
χάριν,"grace, favor, kindness"
ἕνα,one
τρεῖς,three
χωρίς,"apart from, without"
ἔργων,"work, labor, action, deed"
ἐγέννησε(ν),"I beget, bring forth, give birth to"
Μωϋσῆς,Moses
ἐλθεῖν,"I come, go"
οὐρανῶν,"the sky, the heaven"
ἀδελφόν,a brother
μαθηταῖς,"a learner, disciple, pupil"
πάντοτε,"always, at all times"
σήμερον,"today, now"
ἑαυτῶν,"himself, herself, itself"
ἰδόντες,"I see, look upon, experience"
ἤρξατο,"I reign, rule"
λέγειν,"I say, speak"
ψυχήν,"the soul, life, self"
φωνήν,"a sound, noise, voice"
οἰκίαν,"a house, household"
ἀπῆλθε(ν),"I come or go away from, depart, return"
θέλημα,"will, wish, desire"
εὐαγγέλιον,"the good news, the gospel"
χρείαν,"need, necessity, business"
λαβών,"I receive, take"
Ἰωάννου,John
σαρκί,"flesh, body"
μαθητάς,"a learner, disciple, pupil"
εἰρήνη,"peace, peace of mind"
ἀδελφούς,a brother
Πιλᾶτος,Pilate
ἄρτον,"bread, a loaf, food"
σέ,you
πολλῶν,"much, many, often"
ἥτις,"whosoever, whichsoever, whatsoever"
ἕκαστος,"each, every one"
ἀπέστειλε(ν),"I send forth, send, send away, dismiss"
λαοῦ,"a people, the crowd"
Ἱεροσόλυμα,Jerusalem
ἁγίων,"set apart, holy, sacred"
ἰδεῖν,"I see, look upon, experience"
θέλω,"I will, wish, desire"
πέντε,five
σημεῖον,"a sign, miracle, indication"
καρπόν,"fruit, result, gain"
γραμματεῖς,"a scribe, town-clerk, man of learning"
ἐκείνῃ,"that, that one there, yonder"
ἔργον,"work, labor, action, deed"
Γαλιλαίας,Galilee
σάρκα,"flesh, body"
ὀφθαλμούς,the eye
σαρκός,"flesh, body"
ᾗ,"who, which, what, that"
Ἰωάννην,John
ἔχουσι(ν),"I have, hold, possess"
καλῶς,"well, nobly, rightly"
κόσμῳ,"the world, universe"
ὥσπερ,"just as, as"
μίαν,one
οὐρανοῖς,"the sky, the heaven"
ἀναστάς,"I raise up, set up, rise from"
πόλεως,a city
σώματος,"body, flesh"
Σίμων,Simon
εἰσελθεῖν,"I go in, come in, enter"
πίστις,"faith, belief, trust"
γενέσθαι,"I come into being, am born"
ἀγάπη,love
ἄρτι,"now, just now"
δικαιοσύνην,"justice, justness, righteousness"
μεγάλη,"large, great"
δοῦλος,a male slave
υἱοῦ,"a son, descendent"
εὐθέως,"immediately, soon"
ὅλον,"all, the whole, entire"
οὐρανῷ,"the sky, the heaven"
ὀπίσω,"behind, after"
μηδέν,"no one, nothing"
Ἰωσήφ,Joseph
δόξα,"honor, renown, glory splendor"
καρδίᾳ,"the heart, inner life, intention"
ἤκουσα,"I hear, listen"
μεγάλῃ,"large, great"
οἵ,"who, which, what, that"
στόματος,"the mouth, speech"
παντός,"all, the whole, every kind of"
ποιεῖτε,"I do, make"
ὄχλον,a crowd
μήτε,"nor, neither, not even"
φαγεῖν,I eat
νόμος,"a law, the Mosaic Law"
βλέπετε,"I look, see"
αἵματος,blood
δοῦναι,"I offer, give"
υἱοί,"a son, descendent"
εὗρον,I find
πλοῖον,"a ship, vessel"
σεαυτόν,of yourself
ἀγαθόν,good
ἔλθῃ,"I come, go"
δύναμιν,"might, power, marvelous works"
ταύτης,"this, he, she, it"
φωνῇ,"a sound, noise, voice"
πατρί,"father, Father, ancestor"
πιστός,"trustworthy, faithful, believing"
τέλος,"an end, purpose, tax"
ἀκούσας,"I hear, listen"
γενομένης,"I come into being, am born"
νυκτός,"the night, night-time"
ἀγάπην,love
ἑνός,one
ναί,"yes, certainly, even so"
ὥρα,"an hour, season"
κόσμος,"the world, universe"
προφητῶν,"a prophet, poet"
ἔθνεσι(ν),"a race, people, the Gentiles"
δαιμόνια,"an evil-spirit, demon"
θρόνου,"a throne, seat"
σημεῖα,"a sign, miracle, indication"
ταύτῃ,"this, he, she, it"
μήτηρ,a mother
ἀπέθανε(ν),"I am dying, am about to die"
φωνή,"a sound, noise, voice"
αἰῶνα,"an age, a cycle of time"
ἁμαρτιῶν,a sin
ἐλάλησε(ν),"I speak, say"
πλήν,"however, nevertheless"
νόμῳ,"a law, the Mosaic Law"
τινα,"any one, some one"
ἀνθρώπους,"a man, one of the human race"
ἀγγέλων,"an angel, messenger"
ὁμοίως,in like manner
γέγονε(ν),"I come into being, am born"
ἄνδρα,"a male human being, a man"
ἔσονται,"I am, exist"
ἐδόθη,"I offer, give"
ἴδε,See! Lo! Behold! Look!
ἔχειν,"I have, hold, possess"
εἰπών,"I say, speak"
Παύλου,Paul
Παῦλον,Paul
ἐγγύς,near
ἀγαπητοί,"loved, beloved"
ἄρτους,"bread, a loaf, food"
διδάσκαλε,a teacher
χεῖρα,a hand
ἀληθείᾳ,truth
δικαιοσύνης,"justice, justness, righteousness"
ἱμάτια,outer garment
ἐκκλησίας,"an assembly, congregation, church"
πόθεν,whence
ἔτη,a year
κεφαλήν,the head
ποτέ,at one time or other
θαλάσσης,"the sea, lake"
ἔπεσε(ν),"I fall, fall under"
πρῶτος,"first, before"
πυρός,"fire, trials"
ὅσοι,"how much, how great, how many"
πάσχα,"the feast of Passover, the Passover lamb"
Φαρισαίων,a Pharisee
λέγετε,"I say, speak"
αἰῶνας,"an age, a cycle of time"
στόμα,"the mouth, speech"
ἔξεστι(ν),"it is permitted, lawful, possible"
ἔχεις,"I have, hold, possess"
λόγου,"a word, speech, divine utterance, analogy"
ὥρᾳ,"an hour, season"
ἄνθρωποι,"a man, one of the human race"
ἔχοντα,"I have, hold, possess"
αἰώνων,"an age, a cycle of time"
ἱερῷ,"sacred, holy"
ἀγάπῃ,love
ἁμαρτία,a sin
ἀρχιερεύς,"high priest, chief priest"
τούτους,"this, he, she, it"
ποιεῖ,"I do, make"
μένει,"I remain, abide"
προφήτης,"a prophet, poet"
ἑαυτῷ,"himself, herself, itself"
μέσῳ,"middle, in the middle"
ῥήματα,a thing spoken
χρόνον,"time, a particular time, season"
Ἰακώβ,Jacob
ἄλλοι,"other, another, different"
παιδίον,"a little child, an infant"
χάριτος,"grace, favor, kindness"
δύνασθε,"I am powerful, am able"
ὄρος,a mountain
ἐκεῖθεν,"thence, from that place"
ἁμαρτίαν,a sin
ὄχλοι,a crowd
ποιῶν,"I do, make"
ὅστις,"whosoever, whichsoever, whatsoever"
ἔλαβον,"I receive, take"
μητέρα,a mother
ἡμέραι,a day
ἐρχόμενος,"I come, go"
γίνεται,"I come into being, am born"
Μαριάμ,Miriam
προφήτου,"a prophet, poet"
ἠκούσατε,"I hear, listen"
Ἰουδαίας,Judea
πρόβατα,a sheep
ἐπεί,"after, for, since, otherwise"
ὄντες,"I am, exist"
πολύς,"much, many, often"
ἀνθρώπῳ,"a man, one of the human race"
παραβολήν,"a parable, comparison"
ἕτερον,"another, different"
Πέτρον,Peter
μείζων,"large, great"
οἰκίᾳ,"a house, household"
ἁγίῳ,"set apart, holy, sacred"
σάρξ,"flesh, body"
μακάριοι,"happy, blessed"
πῦρ,"fire, trials"
χειρός,a hand
Ἰουδαίοις,Jewish
δυνάμει,"might, power, marvelous works"
ἀρχῆς,"ruler, beginning"
οὔπω,not yet
λαῷ,"a people, the crowd"
ὄχλου,a crowd
ποιήσω,"I do, make"
σώματι,"body, flesh"
εἰρήνην,"peace, peace of mind"
πλῆθος,a multitude
θάνατον,death
βασιλείας,"kingship, sovereignty, authority, rule, kingdom"
λίθον,a stone
αἰῶνος,"an age, a cycle of time"
μέγας,"large, great"
Ἡρῴδης,Herod
ἄλλος,"other, another, different"
οὗ,"where, whither, when"
δέκα,ten
γενόμενος,"I come into being, am born"
ποιεῖν,"I do, make"
μήποτε,"lest at any time, lest, perhaps"
εἶχε(ν),"I have, hold, possess"
πιστεύων,"I believe, have faith in"
καιρῷ,"fitting season, opportunity, time"
τίνα,"who, which, what"
ἀσπάσασθε,"I greet, salute, pay my respects to"
τρίτον,third
ἐκκλησίᾳ,"an assembly, congregation, church"
λαός,"a people, the crowd"
ποτήριον,a drinking cup
πολλούς,"much, many, often"
πάτερ,"father, Father, ancestor"
ἰδίαν,"one's own, private, personal"
γῆ,"the earth, soil, land"
ζωή,life
ἐρήμῳ,"deserted, desolate, a desert"
θάνατος,death
ὕπαγε,"I go away, depart"
πατέρες,"father, Father, ancestor"
κακόν,"bad, evil"
γίνεσθε,"I come into being, am born"
σπέρμα,"seed, offspring"
δεξιῶν,"on the right hand, right hand, right"
διδάσκων,I teach
προσελθών,"I come near, consent to"
Μωϋσέως,Moses
ποιῶ,"I do, make"
ἐπαγγελίας,a promise
χάριτι,"grace, favor, kindness"
ἄγγελοι,"an angel, messenger"
εὐαγγελίου,"the good news, the gospel"
ὁδῷ,"a way, road, journey"
πέραν,"over, beyond"
ὕδωρ,water
φωνῆς,"a sound, noise, voice"
διότι,"on this account, because, for"
λέγοντος,"I say, speak"
δώσω,"I offer, give"
λόγους,"a word, speech, divine utterance, analogy"
ἐξῆλθον,"I go out, come out"
πολύ,"much, many, often"
ἡμέρα,a day
εἰδότες,"I know, remember"
ἐκείνου,"that, that one there, yonder"
ἀποστόλων,"an apostle, a messenger, an envoy, a delegate"
χαρᾶς,"joy, gladness"
γινώσκετε,"I come to know, learn, realize"
εἰδώς,"I see, look upon, experience"
ὕδατος,water
ἡμερῶν,a day
λαλῆσαι,"I speak, say"
ἀλήθειαν,truth
ὥραν,"an hour, season"
ἀνέβη,"I go up, mount, ascend"
γυναικός,"a woman, wife, my lady"
λαβεῖν,"I receive, take"
ἑνί,one
οἶδε(ν),"I know, remember"
βασιλείᾳ,"kingship, sovereignty, authority, rule, kingdom"
εἴπῃ,"I say, speak"
ἐπίστευσαν,"I believe, have faith in"
ζητεῖτε,"I seek, search for, desire"
μέλη,"a limb, member"
ἀντί,"instead of, for"
Ἰούδας,"Judah, Judas, Jude"
λέγεις,"I say, speak"
ῥῆμα,a thing spoken
πόλις,a city
μικρόν,"little, small"
τεσσεράκοντα,forty
δοῦλοι,a male slave
ἄγγελον,"an angel, messenger"
καιρόν,"fitting season, opportunity, time"
γραφή,"a writing, passage of scripture, the scriptures"
πρεσβυτέρων,elder
δυνάμεως,"might, power, marvelous works"
δόξῃ,"honor, renown, glory splendor"
κρίμα,"a judgment, verdict, lawsuit"
λαλεῖν,"I speak, say"
προφῆται,"a prophet, poet"
ὥρας,"an hour, season"
πόλει,a city
καρδίαις,"the heart, inner life, intention"
ἔλαβε(ν),"I receive, take"
ἀδελφῶν,a brother
μηδενί,"no one, nothing"
ἐλθόντες,"I come, go"
πιστεύετε,"I believe, have faith in"
ἐξελθών,"I go out, come out"
ἔβαλε(ν),"I cast, throw, rush, put, place, drop"
ἄνδρας,"a male human being, a man"
ποιήσας,"I do, make"
ἤγειρε(ν),"I wake, arouse, raise up"
πρεσβύτεροι,elder
λέγουσα,"I say, speak"
μηκέτι,no longer
γέ,"at least, indeed, really"
ὅλην,"all, the whole, entire"
ἐλάλει,"I speak, say"
ἔρχομαι,"I come, go"
αὐταῖς,"he, she, it, they, them, same"
αἵματι,blood
Ἰσαάκ,Isaac
σωτηρίας,"deliverance, salvation"
πολλῷ,"much, many, often"
δυνάμεις,"might, power, marvelous works"
ἀφῆκε(ν),"I send away, release, remit, forgive, permit"
δοκεῖ,"I think, seem, appear, it seems"
πληρωθῇ,"I fill, fulfill, complete"
τινές,"any one, some one"
μαθητής,"a learner, disciple, pupil"
ὡσεί,"as if, as it were, like, about"
ἀλλήλων,one another
ἱερόν,a temple
ἐκκλησίαν,"an assembly, congregation, church"
φυλῆς,"a tribe, race"
παρακαλῶ,"I summon, entreat, admonish, comfort"
ἀκούειν,"I hear, listen"
προσκαλεσάμενος,I summon
ἔλεος,"pity, mercy"
δίκαιος,"just, righteous, impartial"
ἕνεκεν,"for the sake of, on account of, wherefore"
χειρί,a hand
ἀγγέλους,"an angel, messenger"
νυνί,"now, already, at present"
ἔρχονται,"I come, go"
ἀπεκρίθησαν,"I answer, reply"
πότε,"when, at what time"
ἤρξαντο,"I reign, rule"
ἤκουσαν,"I hear, listen"
ποδῶν,the foot
μαρτυρίαν,"witness, evidence, testimony"
εἰρήνης,"peace, peace of mind"
οἶνον,wine
δώσει,"I offer, give"
ἐκείνης,"that, that one there, yonder"
τιμήν,"a price, honor"
ἔγραψα,I write
οἴκῳ,"a house, household"
τίνι,"who, which, what"
δούλους,a male slave
ἐντολήν,"an ordinance, injunction, command"
νεκρούς,"dead, a corpse"
εἰσελθών,"I go in, come in, enter"
ἁγίοις,"set apart, holy, sacred"
μεγάλην,"large, great"
ἀνδρί,"a male human being, a man"
ἑκάστῳ,"each, every one"
καρδία,"the heart, inner life, intention"
χιλιάδες,a thousand
λαλῶ,"I speak, say"
μόνος,"only, solitary, desolate"
Μαρία,"Mary, Miriam"
ἄξιος,"worthy, worthy of, deserving"
ἀκούετε,"I hear, listen"
ἦτε,"I am, exist"
θέλει,"I will, wish, desire"
ἐπάνω,"on the top, above, superior to"
εἶχον,"I have, hold, possess"
θηρίον,"a wild beast, animal"
τούτοις,"this, he, she, it"
πνεύματα,"wind, breath, spirit"
ἐζήτουν,"I seek, search for, desire"
πλεῖον,"much, many, often"
μαρτύριον,"witness, evidence, testimony"
βιβλίον,a papyrus roll
μιᾷ,one
προσώπου,"the face, countenance, surface"
σωτηρίαν,"deliverance, salvation"
ὤφθη,"I see, look upon, experience"
ὄντα,"I am, exist"
δίκαιον,"just, righteous, impartial"
λαλεῖ,"I speak, say"
ἐλπίδα,"hope, expectation"
οἶκος,"a house, household"
ὄχλους,a crowd
ἔθνος,"a race, people, the Gentiles"
ἠγέρθη,"I wake, arouse, raise up"
θέλεις,"I will, wish, desire"
ἀληθῶς,"truly, really, certainly"
ἐντολάς,"an ordinance, injunction, command"
ἴδιον,"one's own, private, personal"
ἐκκλησίαις,"an assembly, congregation, church"
ἀπόστολος,"an apostle, a messenger, an envoy, a delegate"
δοῦλον,a male slave
θέλετε,"I will, wish, desire"
πολλάκις,"many times, often"
ἐμαυτόν,of myself
καρδίαν,"the heart, inner life, intention"
ὅλης,"all, the whole, entire"
ἀγάπης,love
μέχρι(ς),"as far as, until"
ἐξελθόντες,"I go out, come out"
ἠκολούθησαν,"I accompany, attend, follow"
μισθόν,"wages, reward"
μέγα,"large, great"
παραχρῆμα,"instantly, immediately"
λαλοῦντος,"I speak, say"
ἤκουσε(ν),"I hear, listen"
ἀδελφοῖς,a brother
ἀπῆλθον,"I come or go away from, depart, return"
ἀναστάσεως,"a rising again, resurrection"
μήτι,"if not, unless"
Ἰουδαίους,Jewish
χαρά,"joy, gladness"
ἄλλον,"other, another, different"
ὡσαύτως,likewise
ποιήσει,"I do, make"
γεγραμμένον,I write
φησί(ν),I say
βάπτισμα,the rite or ceremony of baptism
Γαλιλαίαν,Galilee
ἤνοιξε(ν),I open
ἐρχόμενον,"I come, go"
λαμβάνει,"I receive, take"
παρέδωκε(ν),"I hand over, deliver, betray"
δένδρον,a tree
ἐπαύριον,tomorrow
Παύλῳ,Paul
οὔ,"no, not"
πορεύεσθαι,"I travel, journey, go"
ἀκοῦσαι,"I hear, listen"
γραμματέων,"a scribe, town-clerk, man of learning"
προσελθόντες,"I come near, consent to"
ἀδελφοῦ,a brother
φυλακῇ,"a watching, guard, prison, imprisonment"
ὦτα,the ear
γένοιτο,"I come into being, am born"
υἱῶν,"a son, descendent"
ἔγνωσαν,"I come to know, learn, realize"
ὅσον,"how much, how great, how many"
ὦ,"O, an exclamation"
οἰκίας,"a house, household"
ἐρεῖ,"I say, speak"
μία,one
ὀνόματος,"name, character, reputation"
μνημεῖον,"a tomb, sepulcher"
καιρός,"fitting season, opportunity, time"
ἑκατόν,one hundred
οἶδας,"I know, remember"
Σατανᾶς,"an adversary, Satan"
πλησίον,"near, nearby, a neighbor"
ἀνδρός,"a male human being, a man"
μέλλει,I am about to
κακῶς,"badly, evilly"
ψυχή,"the soul, life, self"
Σίμωνος,Simon
πυρί,"fire, trials"
Σίμωνα,Simon
Ἠλίας,Elijah
βασιλεῖς,"a king, ruler, emperor"
μεγάλης,"large, great"
ἀρνίου,a lamb
μακάριος,"happy, blessed"
ἐξουσίᾳ,"power, authority, weight"
ἀπόστολοι,"an apostle, a messenger, an envoy, a delegate"
τόπος,a place
κἄν,"and if, even if"
δός,"I offer, give"
Καφαρναούμ,Capernaum
μέσον,"middle, in the middle"
θηρίου,"a wild beast, animal"
ἐκεῖνοι,"that, that one there, yonder"
ἔδει,"it is necessary, inevitable"
εἰπεῖν,"I say, speak"
λαλῶν,"I speak, say"
ἐπηρώτησε(ν),"I interrogate, question, demand of"
ἀποθανεῖν,"I am dying, am about to die"
ἱμάτιον,outer garment
λόγοις,"a word, speech, divine utterance, analogy"
μυστήριον,"anything hidden, a mystery"
καθήμενος,"I sit, am seated"
σαββάτῳ,"the Sabbath, a week"
αἰτίαν,"a cause, reason, charge"
οὐδένα,"no one, none, nothing"
διαθήκης,"a covenant, will, testament"
ἀπελθών,"I come or go away from, depart, return"
μέρος,"a part, portion"
ἔχοντας,"I have, hold, possess"
διακονίαν,"waiting at table, service, ministration"
ἔγνω,"I come to know, learn, realize"
ἔπειτα,"then, thereafter, afterwards"
χειρῶν,a hand
συνείδησιν,the conscience
πᾶσαι,"all, the whole, every kind of"
οὐδέποτε,never
Ἰάκωβον,James
ἐπαγγελίαν,a promise
τέκνον,"a child, descendent, inhabitant"
γυναικί,"a woman, wife, my lady"
δοθήσεται,"I offer, give"
τινος,"any one, some one"
εὗρε(ν),I find
ἀρχιερέως,"high priest, chief priest"
ἀποκτεῖναι,"I put to death, kill"
ἀληθής,"unconcealed, true"
γνῶναι,"I come to know, learn, realize"
ὀφθαλμός,the eye
ἐκείναις,"that, that one there, yonder"
ἄλλα,"other, another, different"
προφήτας,"a prophet, poet"
ἀγαπᾶτε,I love
ὄντος,"I am, exist"
συναγωγαῖς,"an assembly, congregation, synagogue"
Πέτρῳ,Peter
ἕτερος,"another, different"
πέμψας,I send
ἀνέστη,"I raise up, set up, rise from"
περιτομῆς,circumcision
ἠκολούθει,"I accompany, attend, follow"
πορευθέντες,"I travel, journey, go"
ἥψατο,"I kindle, light"
ἀπήγγειλαν,"I report, bring a report, announce"
λαβόντες,"I receive, take"
τόπῳ,a place
ἐτῶν,a year
ὅθεν,"whence, wherefore"
ψυχάς,"the soul, life, self"
ὀφθαλμοί,the eye
δαιμόνιον,"an evil-spirit, demon"
ἀφέντες,"I send away, release, remit, forgive, permit"
προσῆλθον,"I come near, consent to"
διδάσκαλος,a teacher
τυφλός,blind
ἔχουσα,"I have, hold, possess"
λοιποί,"left, left behind, the remainder"
διάκονος,"a waiter, servant, administrator"
ἐποίησαν,"I do, make"
μηδείς,"no one, nothing"
μαρτυρία,"witness, evidence, testimony"
γυναῖκες,"a woman, wife, my lady"
φόβον,"fear, terror, reverence"
βασιλέα,"a king, ruler, emperor"
υἱῷ,"a son, descendent"
θανάτῳ,death
κρίσιν,"judging, divine judgment"
κρίσεως,"judging, divine judgment"
γλώσσαις,"the tongue, a language, nation"
ἤμην,"I am, exist"
εἶτα,"then, thereafter, next"
ὑπάρχων,"I am, exist, am in possession"
ῥαββί,"Rabbi, my master, teacher"
ἐκέλευσε(ν),"I command, order"
πορεύου,"I travel, journey, go"
φυλακήν,"a watching, guard, prison, imprisonment"
ἀκούοντες,"I hear, listen"
ἄφες,"I send away, release, remit, forgive, permit"
θελήματος,"will, wish, desire"
δότε,"I offer, give"
ἐφοβήθησαν,"I fear, am terrified"
χαράν,"joy, gladness"
κεφαλῆς,the head
ἐπετίμησε(ν),"I rebuke, chide, admonish, warn"
Φίλιππος,Philip
χώραν,"region, land, fields"
τυφλοί,blind
ἐγένοντο,"I come into being, am born"
σάββατον,"the Sabbath, a week"
τινας,"any one, some one"
ἀγαπῶν,I love
ἐπίστευσε(ν),"I believe, have faith in"
ᾔδει,"I know, remember"
ὀργῆς,"anger, wrath, passion"
διάβολος,"slanderous, the Slanderer, the Devil"
ἱεροῦ,"sacred, holy"
ἤγγικε(ν),"I come near, approach"
Ἱεροσολύμοις,Jerusalem
προσεύχεσθε,"I pray, pray for"
πώς,how
πιστεύουσι(ν),"I believe, have faith in"
σκότος,darkness
ἀλήθεια,truth
αἰωνίου,"eternal, unending"
ἥλιος,"the sun, sunlight"
μῆνας,a month; certainly
αἷς,"who, which, what, that"
ζῶντος,I live
δικαιοσύνῃ,"justice, justness, righteousness"
υἱούς,"a son, descendent"
ἀδελφῷ,a brother
αὔριον,tomorrow
ἤθελε(ν),"I will, wish, desire"
ἀγγέλου,"an angel, messenger"
γονεῖς,a parent
ὅλῃ,"all, the whole, entire"
ἀκούει,"I hear, listen"
πλοίῳ,"a ship, vessel"
τινά,"any one, some one"
γράψον,I write
ἐμαυτοῦ,of myself
ὑπάγετε,"I go away, depart"
εἴπατε,"I say, speak"
θύραν,"a door, opportunity"
πατέρων,"father, Father, ancestor"
μακρόθεν,from a distance
σοφίαν,wisdom
νεκροί,"dead, a corpse"
ὑπάγω,"I go away, depart"
σωτῆρος,"a savior, deliverer, preserver"
παρρησίᾳ,"freedom, confidence"
ἀποστόλους,"an apostle, a messenger, an envoy, a delegate"
ἅπαξ,"once, once for all"
σοφίᾳ,wisdom
ποιεῖς,"I do, make"
Σατανᾶ,"an adversary, Satan"
ναόν,"a temple, shrine"
ἔρημον,"deserted, desolate, a desert"
εὑρέθη,I find
ὀψίας,evening
ἄνωθεν,"from above, from the beginning, again"
θυγάτηρ,a daughter
πολλῆς,"much, many, often"
ἤγαγον,I lead
Ἡρῴδου,Herod
τρίτῃ,third
δύναμις,"might, power, marvelous works"
ἐχθρούς,"hated, hostile, an enemy"
ἀνά,"and, apiece, by, each, every, in, through"
ἐμήν,mine
ἐδίδασκε(ν),I teach
κεφαλάς,the head
χείρ,a hand
ἐφώνησε(ν),"I crow, shout, summon"
ἐκάθισε(ν),"I set, make to sit"
λοιπόν,"left, left behind, the remainder"
παιδία,"a little child, an infant"
πλούσιος,rich
ἐπιθυμίας,"desire, eagerness for, inordinate desire, lust"
φωτός,"light, a source of light"
ἀδικίας,unrighteousness
Ἰακώβου,James
ἔφαγον,I eat
ἐλπίδος,"hope, expectation"
κηρύσσων,"I proclaim, herald, preach"
ἐποίει,"I do, make"
πλοῦτος,"riches, wealth"
νυκτί,"the night, night-time"
ἀποθάνῃ,"I am dying, am about to die"
δυνατός,"powerful, able, possible"
κατέβη,"I go down, come down"
ἔργοις,"work, labor, action, deed"
ἔγειρε,"I wake, arouse, raise up"
ἅγιος,"set apart, holy, sacred"
ὀλίγον,"small, brief, few, soon"
πονηρά,"evil, bad, wicked"
Ἰουδαῖος,Jewish
γράφω,I write
σῶσαι,"I save, heal"
σωθήσεται,"I save, heal"
καθάπερ,even as
πεσών,"I fall, fall under"
ἐντολή,"an ordinance, injunction, command"
τίνος,"who, which, what"
δέδωκε(ν),"I offer, give"
σαββάτου,"the Sabbath, a week"
ἐξουσία,"power, authority, weight"
πρίν,"formerly, before"
ἐλάβετε,"I receive, take"
ἀκούων,"I hear, listen"
οὖς,the ear
κώμην,a village
σάββασι(ν),"the Sabbath, a week"
Ἰούδα,"Judah, Judas, Jude"
διδάσκειν,I teach
ὄψεσθε,"I see, look upon, experience"
πρώτη,"first, before"
γῇ,"the earth, soil, land"
ἐθεράπευσε(ν),"I care for, attend, serve, heal"
ὑποκριταί,"a hypocrite, dissembler"
ἐγερθείς,"I wake, arouse, raise up"
ἔξωθεν,"from without, outside"
ζῇ,I live
ἁμαρτωλῶν,"sinning, sinful, a sinner"
διαβόλου,"slanderous, the Slanderer, the Devil"
θέλων,"I will, wish, desire"
ἕκαστον,"each, every one"
ὁμοία,"like, similar to"
μέγαν,"large, great"
φοβοῦ,"I fear, am terrified"
ἔσομαι,"I am, exist"
ἀλλήλοις,one another
δεξιᾷ,"on the right hand, right hand, right"
ὕδατι,water
διδαχῇ,"teaching, doctrine"
ἀπέστειλαν,"I send forth, send, send away, dismiss"
ἕξ,six
εὑρίσκει,I find
εἴη,"I am, exist"
οἴκου,"a house, household"
θεωρεῖτε,"I behold, look at, experience"
ἀπέθανον,"I am dying, am about to die"
ἄφεσιν,"deliverance, pardon, complete forgiveness"
ῥηθέν,"I say, speak"
κλέπτης,a thief
ἦραν,"I raise, lift up"
ἁμαρτωλοί,"sinning, sinful, a sinner"
πόλεις,a city
ἀνάστασιν,"a rising again, resurrection"
Τιμόθεος,Timothy
πλοίου,"a ship, vessel"
σκότους,darkness
Αἴγυπτον,Egypt
ἐγενήθη,"I come into being, am born"
πονηρόν,"evil, bad, wicked"
λεγόμενος,"I say, speak"
ποιοῦσι(ν),"I do, make"
αὐτάς,"he, she, it, they, them, same"
βλέποντες,"I look, see"
τρίς,three times
συναγωγῇ,"an assembly, congregation, synagogue"
ἄλλους,"other, another, different"
πονηροῦ,"evil, bad, wicked"
ἀγαπᾷ,I love
ποίᾳ,of what sort
ἐκεῖνον,"that, that one there, yonder"
σοφία,wisdom
περισσοτέρως,abundantly
βλέπων,"I look, see"
εἰσῆλθον,"I go in, come in, enter"
ἐξουσίας,"power, authority, weight"
μετάνοιαν,"repentance, a change of mind"
γνώσεως,"knowledge, doctrine, wisdom"
πῶλον,"a colt, young ass"
ἔσεσθε,"I am, exist"
φόβος,"fear, terror, reverence"
οὐρανός,"the sky, the heaven"
ὄρους,a mountain
ὄχλῳ,a crowd
ἔστω,"I am, exist"
ἰδίᾳ,"one's own, private, personal"
ἄλλο,"other, another, different"
φοβεῖσθε,"I fear, am terrified"
πρεσβυτέρους,elder
προφήτην,"a prophet, poet"
ἐπλήσθησαν,"I fill, am fulfilled"
ἔσωθεν,"from within, inside"
συναγωγήν,"an assembly, congregation, synagogue"
ὑδάτων,water
μέρους,"a part, portion"
ζῆν,I live
γνούς,"I come to know, learn, realize"
σοφίας,wisdom
ἀφεθήσεται,"I send away, release, remit, forgive, permit"
σκεῦος,"a vessel to contain liquid, utensil, tackle"
ἀκολούθει,"I accompany, attend, follow"
ναοῦ,"a temple, shrine"
παραβολαῖς,"a parable, comparison"
πατέρας,"father, Father, ancestor"
Καίσαρος,Caesar
δεύτερος,"second, in the second place, for the second time"
ἔπεσαν,"I fall, fall under"
ἁγίους,"set apart, holy, sacred"
γινώσκει,"I come to know, learn, realize"
ἴδητε,"I see, look upon, experience"
δεῦτε,"come hither, come, hither"
ἡλίου,"the sun, sunlight"
εὐαγγελίῳ,"the good news, the gospel"
λίαν,"very, very much, exceedingly"
θαλάσσῃ,"the sea, lake"
ἄλλη,"other, another, different"
μάχαιραν,a sword
ἠγάπησε(ν),I love
μάλιστα,"most of all, especially"
Πέτρου,Peter
ἐγενόμην,"I come into being, am born"
πρωΐ,"early in the morning, at dawn"
μητρός,a mother
δικαιοσύνη,"justice, justness, righteousness"
παρακλήσεως,"exhortation, entreaty, encouragement, comfort"
σταυροῦ,a cross
ἐλπίδι,"hope, expectation"
παθεῖν,"I am acted upon, suffer"
καταβάς,"I go down, come down"
ἐμή,mine
ψυχῆς,"the soul, life, self"
εἰπέ,"I say, speak"
ἁμαρτίαι,a sin
προσεκύνησαν,I worship
πορνείας,"fornication, idolatry"
ἔχῃ,"I have, hold, possess"
περισσότερον,"greater, more"
ὀφείλει,"I owe, ought"
Ἰορδάνου,the Jordan
ὄρει,a mountain
ἀμπελῶνα,a vineyard
δέδωκας,"I offer, give"
Ἀντιόχειαν,Antioch
προσέχετε,"I pay attention to, devote myself to"
ὑπομονήν,"endurance, steadfastness"
ὦσι(ν),"I am, exist"
ἀσπάζεται,"I greet, salute, pay my respects to"
γενεά,a generation
καινήν,"fresh, new"
καλούμενον,"I call, invite, name"
καλήν,"beautiful, good, worthy"
σφόδρα,"exceedingly, greatly"
πρῶτοι,"first, before"
καθήμενον,"I sit, am seated"
ὅμοιος,"like, similar to"
παραγενόμενος,"I appear, come, arrive at"
τέρατα,"a wonder, portent"
πολλάς,"much, many, often"
βασιλέων,"a king, ruler, emperor"
ἤμελλε(ν),I am about to
ὑπάγει,"I go away, depart"
ἐλάλησαν,"I speak, say"
πειρασμόν,"trial, testing, temptation"
τριάκοντα,thirty
ἱερεῖς,a priest
δαιμονίων,"an evil-spirit, demon"
εἰδέναι,"I know, remember"
πλήρωμα,"fullness, fulfillment, completion"
Ζεβεδαίου,Zebedee
ἰδίου,"one's own, private, personal"
σαββάτων,"the Sabbath, a week"
λελάληκα,"I speak, say"
ὄχλοις,a crowd
οἰκοδομήν,"the act of building, a building, edification"
χαίρετε,"I rejoice, am glad"
ἀγαθά,good
ἔχητε,"I have, hold, possess"
πνευμάτων,"wind, breath, spirit"
γυναῖκας,"a woman, wife, my lady"
τεσσάρων,four
κεφαλή,the head
ἔθηκε(ν),"I put, place"
δίδωσι(ν),"I offer, give"
Μαγδαληνή,Magdalene
ἑτέρῳ,"another, different"
πόσῳ,"how much, how great, how many"
ἐφανερώθη,"I make clear, visible, or manifest"
μητρί,a mother
σπείρων,"I sow, spread, scatter"
ὄντας,"I am, exist"
εἴπωμεν,"I say, speak"
ἀπολῦσαι,"I release, let go, send away, divorce"
τέσσαρες,four
ἐλέησον,"I have pity, show mercy"
δούς,"I offer, give"
γυναικῶν,"a woman, wife, my lady"
κληθήσεται,"I call, invite, name"
γίνεσθαι,"I come into being, am born"
θυσιαστηρίου,an altar
ὁμοθυμαδόν,"with one mind, unanimously"
ποιήσατε,"I do, make"
ὀφθαλμῶν,the eye
ἀπελθεῖν,"I come or go away from, depart, return"
θυσίαν,a sacrifice
πετεινά,a bird
ἐμόν,mine
ἱερεύς,a priest
ἀγαπητός,"loved, beloved"
ἐκάθητο,"I sit, am seated"
Ἰάκωβος,James
Ἱεροσολύμων,Jerusalem
ταύταις,"this, he, she, it"
ἔρχου,"I come, go"
ὑποκάτω,underneath
τροφῆς,"food, nourishment"
μέρη,"a part, portion"
στόματι,"the mouth, speech"
Μακεδονίαν,Macedonia
ζῶν,I live
εἴκοσι(ν),twenty
ἐδύνατο,"I am powerful, am able"
ἐρρέθη,"I say, speak"
τρόπον,"way, manner, character"
εὑρών,I find
τινι,"any one, some one"
ἀγαπήσεις,I love
υἱέ,"a son, descendent"
ἆρον,"I raise, lift up"
λεγόμενον,"I say, speak"
ἑστώς,"I cause to stand, stand"
προφητείας,prophecy
θλῖψιν,"persecution, affliction, distress"
ἐντεῦθεν,"hence, from this place, on this side and on that"
ἱκανός,"sufficient, worthy, many, much"
γνωστόν,"known, an acquaintance"
προφήταις,"a prophet, poet"
ἐπορεύθη,"I travel, journey, go"
ἐποίησα,"I do, make"
ὑπέστρεψαν,"I turn back, return"
ἄρτος,"bread, a loaf, food"
συμφέρει,"I collect, am profitable to"
Ἠσαΐας,Isaiah
παρρησίαν,"freedom, confidence"
ἐπηρώτα,"I interrogate, question, demand of"
ἐπίγνωσιν,"knowledge, discernment, recognition"
τύπον,"a figure, model, type"
τριῶν,three
θυμοῦ,"an outburst of passion, wrath"
σκοτίᾳ,darkness
ἐκβάλλει,"I throw, cast, put out, banish, bring forth, produce"
μνημείου,"a tomb, sepulcher"
αὐτή,"he, she, it, they, them, same"
ἐπειδή,"when, since"
ἀκούσατε,"I hear, listen"
βλέπει,"I look, see"
μού,I
ἐσθίων,I eat
εἰκόνα,"an image, likeness, bust"
λίθῳ,a stone
κἀκεῖ,"and there, and yonder"
ἐπιθυμίαις,"desire, eagerness for, inordinate desire, lust"
μετανοίας,"repentance, a change of mind"
πλήρης,full
δεύτερον,"second, in the second place, for the second time"
ἐλπίζω,"I hope, hope for, expect"
καρπούς,"fruit, result, gain"
σώματα,"body, flesh"
ἔμεινε(ν),"I remain, abide"
ἀγαπῶμεν,I love
στέφανον,"a crown, garland"
ἐσθίει,I eat
ἐπηρώτων,"I interrogate, question, demand of"
ἐξέχεε(ν),"I pour out, shed"
προσευχόμενοι,"I pray, pray for"
δοκεῖτε,"I think, seem, appear, it seems"
εὐχαριστῶ,"I thank, give thanks"
Βαρναβᾶς,Barnabas
ταχέως,"soon, quickly, hastily"
ὄντως,"really, truly"
ἔργῳ,"work, labor, action, deed"
ἐκείνην,"that, that one there, yonder"
σωθῆναι,"I save, heal"
ἀνέγνωτε,I read
ἰδίοις,"one's own, private, personal"
περιπατεῖν,"I walk, conduct my life"
χήρα,a widow
Μάρθα,Martha
Καισάρειαν,Caesarea
ἐξηράνθη,"I dry up, parch, ripen"
ἔχοντι,"I have, hold, possess"
καθίσας,"I set, make to sit"
κριτής,a judge
ἄφετε,"I send away, release, remit, forgive, permit"
ἀρχιερέων,"high priest, chief priest"
τάλαντα,a talent of silver or gold
ἀνέβησαν,"I go up, mount, ascend"
φόβῳ,"fear, terror, reverence"
βλέπεις,"I look, see"
σταυρόν,a cross
βλέπειν,"I look, see"
πρότερον,"former, before"
ὀργή,"anger, wrath, passion"
εὑρήσετε,I find
παραλαβών,"I take, receive"
λαλοῦμεν,"I speak, say"
συνέδριον,"a council, the Sanhedrin"
κρίνετε,"I judge, decide, think good"
λόγοι,"a word, speech, divine utterance, analogy"
ἐξελέξατο,"I choose, elect"
ναός,"a temple, shrine"
ἀπέκτειναν,"I put to death, kill"
ὀνόματα,"name, character, reputation"
γρηγορεῖτε,"I am awake, am vigilant, watch"
καύχημα,a boasting
χιλίαρχος,a military tribune
ἠκούσαμεν,"I hear, listen"
διδασκαλίᾳ,"instruction, teaching"
παραδιδούς,"I hand over, deliver, betray"
ἑώρακε(ν),"I see, look upon, experience"
ἔξελθε,"I go out, come out"
κἀκεῖθεν,"and thence, and from there"
γενεᾶς,a generation
ἐλπίς,"hope, expectation"
ἅμα,"at the same time, along with"
ἀγαθός,good
φανερόν,"apparent, clear, visible, manifest, clearly"
κώμας,a village
ἐφοβοῦντο,"I fear, am terrified"
κράτος,"dominion, strength, power"
τινάς,"any one, some one"
ἐκάλεσε(ν),"I call, invite, name"
ἀριθμός,"a number, total"
πόλεμον,"a war, battle, strife"
προσευχῇ,"prayer, a place for prayer"
ζητοῦντες,"I seek, search for, desire"
ἀμπελῶνος,a vineyard
λόγων,"a word, speech, divine utterance, analogy"
βαπτισθῆναι,"I dip, submerge, baptize"
αἵτινες,"whosoever, whichsoever, whatsoever"
ἐλαιῶν,an olive tree
στραφείς,"I turn, am converted, change"
μάρτυρες,a witness
σφραγῖδα,"a signet-ring, impression of a seal, the proof"
καινόν,"fresh, new"
ἔκραξε(ν),"I cry aloud, shriek"
φανερωθῇ,"I make clear, visible, or manifest"
ἐλεύσονται,"I come, go"
ἄλλῳ,"other, another, different"
ἅπαντες,"all, the whole"
εἰσέλθητε,"I go in, come in, enter"
καταβολῆς,"a foundation, depositing, sowing"
ἀπήγγειλε(ν),"I report, bring a report, announce"
ἴδια,"one's own, private, personal"
ἄνθρωπε,"a man, one of the human race"
ἐδίδου,"I offer, give"
δύνανται,"I am powerful, am able"
ἑορτήν,"a festival, feast"
κενόν,"empty, vain, hollow"
ἄξιον,"worthy, worthy of, deserving"
νυμφίος,a bridegroom
ἀρχιερέα,"high priest, chief priest"
Βαραββᾶν,Barabbas
ζητεῖ,"I seek, search for, desire"
τρία,three
πολλήν,"much, many, often"
θρόνῳ,"a throne, seat"
εἴδομεν,"I see, look upon, experience"
μετενόησαν,"I repent, change my mind"
θλίψει,"persecution, affliction, distress"
ἀσπάζονται,"I greet, salute, pay my respects to"
καθημένου,"I sit, am seated"
ἄρχοντες,"a ruler, prince, leader"
παράδοσιν,"an instruction, tradition"
ποιήσῃ,"I do, make"
εὐχαριστήσας,"I thank, give thanks"
βήματος,"the space covered by a step of the foot, a tribunal"
ἄνω,"up, above, things above, heaven"
κρίνων,"I judge, decide, think good"
δῶρον,"a gift, present"
χάριν,on account of
δυνάμεθα,"I am powerful, am able"
οἰκία,"a house, household"
ἀκούουσι(ν),"I hear, listen"
ταύτας,"this, he, she, it"
Ἐλισάβετ,Elisabeth
ἀνεχώρησε(ν),"I return, retire, depart, withdraw"
γινώσκομεν,"I come to know, learn, realize"
στρατιῶται,a soldier
τοιαῦτα,"of such a kind, such"
ἥξει,"I have come, am present"
ἀπελθόντες,"I come or go away from, depart, return"
δυνατόν,"powerful, able, possible"
ἔρχεσθαι,"I come, go"
ἐγήγερται,"I wake, arouse, raise up"
πιστεύσητε,"I believe, have faith in"
ἄλλην,"other, another, different"
ἐγείρονται,"I wake, arouse, raise up"
νοῦν,"the mind, reasoning faculty"
ἀγγέλῳ,"an angel, messenger"
πέμψαντος,I send
ἐξεπλήσσοντο,"I am thunderstruck, astounded"
Ἀδάμ,Adam
ἐμά,mine
ποίησον,"I do, make"
οὖσι(ν),"I am, exist"
βασιλέως,"a king, ruler, emperor"
ἐχόντων,"I have, hold, possess"
Φαρισαῖος,a Pharisee
σεισμός,"an earthquake, storm"
δωρεάν,"as a free gift, without payment, freely"
ἔστη,"I cause to stand, stand"
γραφάς,"a writing, passage of scripture, the scriptures"
συνήχθησαν,I gather together
δίκαιοι,"just, righteous, impartial"
εἰσέλθῃ,"I go in, come in, enter"
ἔσχατοι,"last, at the last, finally"
ἅπαντα,"all, the whole"
ὅμοιον,"like, similar to"
ἁμαρτίαις,a sin
ἐκείνων,"that, that one there, yonder"
σπλάγχνα,"bowels, compassion, pity"
θυσίας,a sacrifice
ἀπολέσει,"I destroy, lose, am perishing"
πλείους,"much, many, often"
ἀπέλυσε(ν),"I release, let go, send away, divorce"
σῖτον,"wheat, grain"
Καίσαρι,Caesar
Φίλιππον,Philip
ἔκραξαν,"I cry aloud, shriek"
ἐκκλησία,"an assembly, congregation, church"
ἀπώλειαν,"destruction, ruin, loss"
ἱκανόν,"sufficient, worthy, many, much"
περιπατεῖτε,"I walk, conduct my life"
μνημονεύετε,"I remember, make mention of"
ἁμαρτωλός,"sinning, sinful, a sinner"
μέλλων,I am about to
ἀγγέλοις,"an angel, messenger"
ἀγρούς,"a field, the country"
ἐντολῆς,"an ordinance, injunction, command"
προβάτων,a sheep
οὐδενί,"no one, none, nothing"
βασιλεῦ,"a king, ruler, emperor"
νεκρός,"dead, a corpse"
θεωρεῖ,"I behold, look at, experience"
μαρτύρων,a witness
ἐξελθεῖν,"I go out, come out"
γύναι,"a woman, wife, my lady"
ἀκροβυστία,foreskin
θλίψεως,"persecution, affliction, distress"
χερσί(ν),a hand
φωτί,"light, a source of light"
ἀγρῷ,"a field, the country"
ἐκείνῳ,"that, that one there, yonder"
δράκων,a dragon or huge serpent
κλαυθμός,"weeping, lamentation"
φόβου,"fear, terror, reverence"
βάλε,"I cast, throw, rush, put, place, drop"
πτωχοῖς,"poor, destitute"
παρουσίᾳ,"presence, a coming, arrival, advent"
μεταξύ,"meanwhile, afterwards, between"
νέον,"young, new, fresh"
παῖς,a boy or girl child
δεῦρο,"come, now, the present"
μακράν,"long, distant"
ἤλθομεν,"I come, go"
Σαούλ,Saul
εὐλόγησε(ν),I bless
ὄψονται,"I see, look upon, experience"
ταχύ,"quickly, speedily"
ὀργήν,"anger, wrath, passion"
ἔσω,"within, inside"
κατοικοῦντες,"I dwell in, settle in, inhabit"
κατοικοῦντας,"I dwell in, settle in, inhabit"
ζητῶν,"I seek, search for, desire"
ἑξήκοντα,sixty
ἐκείνη,"that, that one there, yonder"
ἴδωσι(ν),"I see, look upon, experience"
ἐξήλθατε,"I go out, come out"
ἔστησαν,"I cause to stand, stand"
ἐβλήθη,"I cast, throw, rush, put, place, drop"
ἤγαγε(ν),I lead
πολύν,"much, many, often"
ὑπηρέται,"a servant, an attendant"
Ἠσαΐου,Isaiah
πάσας,"all, the whole, every kind of"
δυσί(ν),two
δίδωμι,"I offer, give"
Ἰουδαίᾳ,Judea
ἔπεμψα,I send
διδάσκοντες,I teach
ἴδετε,"I see, look upon, experience"
περιτομή,circumcision
παρακαλῶν,"I summon, entreat, admonish, comfort"
ἐρωτῶ,"I ask, question, request"
ἀκάθαρτον,"unclean, impure"
γενήσεται,"I come into being, am born"
λίθος,a stone
ζήσεται,I live
ὑπομονῇ,"endurance, steadfastness"
μέτρον,"a measure, measuring rod"
ἀσκούς,a wine-skin
γεγονός,"I come into being, am born"
ζητοῦσι(ν),"I seek, search for, desire"
ἔβαλον,"I cast, throw, rush, put, place, drop"
ζῴων,an animal
δέξηται,"I take, receive, accept, welcome"
θέλῃ,"I will, wish, desire"
πίνων,"I drink, imbibe"
ἐκτός,"without, outside, except, the outside, apart from"
δέχεται,"I take, receive, accept, welcome"
νικῶν,"I conquer, overcome"
τάχει,"quickness, speed"
ἐθαύμασαν,"I wonder, admire"
καρπός,"fruit, result, gain"
ὁρᾶτε,"I see, look upon, experience"
σπέρματος,"seed, offspring"
πορεύομαι,"I travel, journey, go"
Νῶε,Noah
φίλος,"friendly, a friend"
Δαμασκῷ,Damascus
εἴρηκε(ν),"I say, speak"
τάξιν,"order, position, rank"
εἴπητε,"I say, speak"
ἔδωκαν,"I offer, give"
ἀκούσωσι(ν),"I hear, listen"
Ἔφεσον,Ephesus
δρέπανον,a sickle
δύνασθαι,"I am powerful, am able"
τελῶναι,a collector of taxes
πέμψαι,I send
ἐκείνοις,"that, that one there, yonder"
ἐλάλησα,"I speak, say"
θεμέλιον,belonging to the foundation
τεκνία,a little child
ἀσθενείας,"want of strength, weakness, illness"
μιᾶς,one
λέγεται,"I say, speak"
τάδε,"this here, this"
κρίνει,"I judge, decide, think good"
ᾔδεισαν,"I know, remember"
χίλια,a thousand
Σαμαρείας,Samaria
λήμψεται,"I receive, take"
ὑπάρχοντα,"I am, exist, am in possession"
βαλεῖν,"I cast, throw, rush, put, place, drop"
δίκτυα,a fishing-net
ζῷα,an animal
χαίρω,"I rejoice, am glad"
ἑστῶτα,"I cause to stand, stand"
ἄνεμος,the wind
κέρατα,a horn
ὀφθαλμῷ,the eye
ἀργύρια,"silver, a shekel, money in general"
συναγωγάς,"an assembly, congregation, synagogue"
ὁδούς,"a way, road, journey"
ἱματίου,outer garment
κατέναντι,"opposite, in front of"
ἀκούσῃ,"I hear, listen"
ἀργύριον,"silver, a shekel, money in general"
προσῆλθε(ν),"I come near, consent to"
ἔγραψε(ν),I write
εὑρήσει,I find
πιεῖν,"I drink, imbibe"
ἥμαρτον,I sin
κρυπτῷ,"hidden, secret"
ξύλου,"a staff, cross, anything made of wood"
σκεύη,"a vessel to contain liquid, utensil, tackle"
ὅλη,"all, the whole, entire"
ἐποιήσατε,"I do, make"
ἠρώτησαν,"I ask, question, request"
λέγοντας,"I say, speak"
ζῆλος,"eagerness, zeal, rivalry"
λάβῃ,"I receive, take"
ἀρξάμενος,"I reign, rule"
οὐδενός,"no one, none, nothing"
κοινόν,"common, shared, unclean"
εἰρήνῃ,"peace, peace of mind"
ἐνθάδε,"here, in this place"
γαστρί,"the womb, stomach, to be pregnant"
ἐλήλυθε(ν),"I come, go"
ἑκατοντάρχης,a centurion
θύρας,"a door, opportunity"
κάτω,"down, below, lower, under, less"
πάντως,"entirely, in every way, certainly"
ἦμεν,"I am, exist"
Ἁνανίας,Ananias
παντοκράτωρ,ruler of the universe
ἔνοχος,"involved in, liable"
παρεκάλουν,"I summon, entreat, admonish, comfort"
καθημένῳ,"I sit, am seated"
μεγάλα,"large, great"
Σαδδουκαίων,a Sadducee
κράβαττον,"a bed, mattress, mat"
πολλῇ,"much, many, often"
ῥίζαν,"a root, that which comes from the root"
ἀποκριθέντες,"I answer, reply"
Αἰγύπτου,Egypt
ὀκτώ,eight
εἶδες,"I see, look upon, experience"
πτωχούς,"poor, destitute"
πονηρός,"evil, bad, wicked"
μέντοι,"indeed, yet, however"
κατάπαυσιν,"resting, rest"
ἐνιαυτόν,a year
ἐσθίουσι(ν),I eat
κύκλῳ,around
Ἰούδαν,"Judah, Judas, Jude"
οὐδεμίαν,"no one, none, nothing"
ἀποκτείνωσι(ν),"I put to death, kill"
μέσου,"middle, in the middle"
αἰῶνι,"an age, a cycle of time"
ἠρνήσατο,"I deny, repudiate"
χώρας,"region, land, fields"
ἐρῶ,"I say, speak"
τέκνοις,"a child, descendent, inhabitant"
γνώσει,"knowledge, doctrine, wisdom"
γόνατα,a knee
γέενναν,Gehenna
φίλους,"friendly, a friend"
δῶρα,"a gift, present"
μηδένα,"no one, nothing"
ἀπολύσω,"I release, let go, send away, divorce"
κακοῦ,"bad, evil"
ἀγαθήν,good
ὑπομονῆς,"endurance, steadfastness"
χάρισμα,an undeserved favor
ὁδοῦ,"a way, road, journey"
Μελχισέδεκ,Melchizedek
οἰκουμένην,the inhabited (Roman) world
Σαῦλος,"Saul, the apostle"
ἀγαπᾶν,I love
κτίσεως,"creation, creature, institution"
Μωϋσεῖ,Moses
ἐσχάτῃ,"last, at the last, finally"
ἄρχων,"a ruler, prince, leader"
γένησθε,"I come into being, am born"
σκάνδαλον,"a snare, stumbling-block"
μελλόντων,I am about to
αἴρει,"I raise, lift up"
ἔδωκας,"I offer, give"
διδαχήν,"teaching, doctrine"
δευτέρου,"second, in the second place, for the second time"
Βαρναβᾶν,Barnabas
κρίσις,"judging, divine judgment"
μάρτυς,a witness
ἀδελφή,a sister
ἔργου,"work, labor, action, deed"
ἀγαθοῦ,good
Λάζαρος,"Lazarus, Eliezer"
ψυχῇ,"the soul, life, self"
ἤθελον,"I will, wish, desire"
Βηθλέεμ,Bethlehem
ἅγιοι,"set apart, holy, sacred"
παραλαμβάνει,"I take, receive"
ἠθέλησε(ν),"I will, wish, desire"
Καίσαρα,Caesar
ἀρνίον,a lamb
ἄπιστος,"unbelieving, incredulous, unchristian, unbeliever"
πορευθείς,"I travel, journey, go"
ὑψίστου,"highest, most high, the heights"
ἔσῃ,"I am, exist"
κινδύνοις,"danger, peril, risk"
δουλεύειν,"I am a slave, am subject to, obey"
παρεκάλει,"I summon, entreat, admonish, comfort"
μαρτυρεῖ,"I witness, testify"
ποιήσωμεν,"I do, make"
ναῷ,"a temple, shrine"
Θωμᾶς,Thomas
βλασφημίας,"abusive or scurrilous language, blasphemy"
ἐλογίσθη,"I reckon, count, decide"
φρόνιμοι,"intelligent, prudent"
ἀκουσάτω,"I hear, listen"
ὕστερον,later
ἀπολέσῃ,"I destroy, lose, am perishing"
μαρτυρῶ,"I witness, testify"
φέρετε,"I carry, bear, bring, lead"
εὑρόντες,I find
δεῖπνον,"a dinner, an afternoon or evening meal"
λίμνην,a lake
λοιποῖς,"left, left behind, the remainder"
βουλόμενος,"I will, intend, desire"
σωτηρία,"deliverance, salvation"
ἐλεύθερος,"free, delivered from obligation"
πιστεύοντες,"I believe, have faith in"
εἴπω,"I say, speak"
ἐλήλυθα,"I come, go"
νύξ,"the night, night-time"
ὤμοσε(ν),"I swear, take an oath"
πιστεύεις,"I believe, have faith in"
συνειδήσεως,the conscience
περιπάτει,"I walk, conduct my life"
ἐπιστεύσατε,"I believe, have faith in"
λάβετε,"I receive, take"
Φῆστος,Festus
ἐθαύμαζον,"I wonder, admire"
διάκονοι,"a waiter, servant, administrator"
ἀνάστηθι,"I raise up, set up, rise from"
ἀπέσταλκε(ν),"I send forth, send, send away, dismiss"
γινώσκεις,"I come to know, learn, realize"
γεγραμμένα,I write
πεντήκοντα,fifty
καιροῦ,"fitting season, opportunity, time"
εὐκοπώτερον,easier
ἀγροῦ,"a field, the country"
Βεελζεβούλ,Beelzebul
βίβλῳ,"a written book, roll, or volume"
ἀπεκρίνατο,"I answer, reply"
ἀσθενεῖς,"weak, infirm, sick"
διαθήκη,"a covenant, will, testament"
Ἑβραϊστί,in the Hebrew or Aramaic dialect
Ἠλίαν,Elijah
γλῶσσα,"the tongue, a language, nation"
μικρῶν,"little, small"
δέσμιος,"one bound, a prisoner"
πορεύεται,"I travel, journey, go"
γινώσκω,"I come to know, learn, realize"
πορευόμενοι,"I travel, journey, go"
ὄρη,a mountain
Πιλᾶτον,Pilate
ζιζάνια,"spurious wheat, darnel"
γενομένου,"I come into being, am born"
ζῶμεν,I live
ἐκλήθητε,"I call, invite, name"
ἀγαπητόν,"loved, beloved"
ἀναστάσει,"a rising again, resurrection"
πιστεύσαντες,"I believe, have faith in"
ἔθηκαν,"I put, place"
ἀγρόν,"a field, the country"
βίον,"life, manner of life, livelihood"
Ἰεριχώ,Jericho
λεγούσης,"I say, speak"
ἀγαθῷ,good
βαπτίζων,"I dip, submerge, baptize"
μεγάλου,"large, great"
πάσαις,"all, the whole, every kind of"
ἔθνους,"a race, people, the Gentiles"
κληρονομίαν,an inheritance
Ἰσραηλῖται,an Israelite
παραδίδοται,"I hand over, deliver, betray"
παραδώσει,"I hand over, deliver, betray"
ζῶντι,I live
κεῖται,"I lie, recline, am laid"
γλῶσσαν,"the tongue, a language, nation"
ἐπιστάτα,"master, teacher"
τέλειον,"perfect, full-grown"
μείζονα,"large, great"
πορεύεσθε,"I travel, journey, go"
τελωνῶν,a collector of taxes
εὐσέβειαν,"piety, godliness"
ἐγενήθημεν,"I come into being, am born"
κοιλίας,"belly, womb, the inner man"
εὐλογημένος,I bless
χρόνος,"time, a particular time, season"
τίμα,"I value at a price, honor"
σάρκας,"flesh, body"
δέομαι,"I request, beg"
ἁμαρτίᾳ,a sin
κλασμάτων,a fragment
κάθου,"I sit, am seated"
ἐκλήθη,"I call, invite, name"
φιάλην,a shallow and flat bowl
προσηύξατο,"I pray, pray for"
συνεδρίῳ,"a council, the Sanhedrin"
Ἰουδαίαν,Judea
εἰπόν,"I say, speak"
ὅραμα,"a spectacle, vision"
ἑορτῇ,"a festival, feast"
ὀλίγοι,"small, brief, few, soon"
ἀπέστειλας,"I send forth, send, send away, dismiss"
πρόσωπα,"the face, countenance, surface"
γράφειν,I write
εὐλογητός,"worthy of praise, blessed"
ποιοῦντες,"I do, make"
μηδεμίαν,"no one, nothing"
μισεῖ,"I hate, detest"
τράχηλον,the neck
ἐχθρός,"hated, hostile, an enemy"
ἑκάστου,"each, every one"
κρίσει,"judging, divine judgment"
Δαμασκόν,Damascus
ἄγωμεν,I lead
ὄπισθεν,"from behind, after"
ἐπέπεσε(ν),"I fall upon, press upon"
σπέρματι,"seed, offspring"
ὅμοιοι,"like, similar to"
παραδώσουσι(ν),"I hand over, deliver, betray"
ἀρχή,"ruler, beginning"
πνευματικόν,spiritual
ἀλέκτωρ,"a cock, rooster"
οἴδασι(ν),"I know, remember"
ἐπιγνώσει,"knowledge, discernment, recognition"
ἐσάλπισε(ν),I sound a trumpet
ἐκτείνας,"I stretch out, cast forth"
δύναμαι,"I am powerful, am able"
Φιλίππου,Philip
ἀναβάς,"I go up, mount, ascend"
συμβούλιον,"a council, advice"
ἐνετείλατο,"I give orders, command"
ἀτενίσας,"I direct my gaze, look steadily"
γλώσσῃ,"the tongue, a language, nation"
ὑπακοήν,obedience
καθαρόν,"clean, pure, unstained"
πονηρούς,"evil, bad, wicked"
μεθερμηνευόμενον,"I translate, interpret"
εἱστήκει,"I cause to stand, stand"
πέμψον,I send
ἵππων,a horse
οἴνου,wine
ἐπείνασε(ν),"I am hungry, needy"
ἤκουον,"I hear, listen"
κοινωνία,"participation, communion, fellowship"
ἐκκλησιῶν,"an assembly, congregation, church"
ἅγια,"set apart, holy, sacred"
ἀνδράσι(ν),"a male human being, a man"
ἐκκλησίαι,"an assembly, congregation, church"
βλέπωσι(ν),"I look, see"
ἀποστέλλω,"I send forth, send, send away, dismiss"
ἑτοιμάσατε,"I make ready, prepare"
τρίτος,third
ἐπηρώτησαν,"I interrogate, question, demand of"
οὐρανοί,"the sky, the heaven"
ποικίλαις,"various, of different colors"
πάλαι,"of old, long ago"
στήκετε,"I stand fast, persevere"
ἐξέβαλον,"I throw, cast, put out, banish, bring forth, produce"
δούλοις,a male slave
Ἰωνᾶ,Jonah
ἐροῦμεν,"I say, speak"
ἀεί,always
ἰχθύας,a fish
δύνασαι,"I am powerful, am able"
πολλοῖς,"much, many, often"
ἑαυτήν,"himself, herself, itself"
πολλοῦ,"much, many, often"
ἐκπορεύεται,"I journey out, come forth"
ἀπόληται,"I destroy, lose, am perishing"
πρώτων,"first, before"
ἀπήγαγον,"I lead, carry, take away"
ὀδόντων,a tooth
ἔπαινον,"commendation, praise"
ἔφυγον,"I flee, escape, shun"
βρονταί,thunder
καλός,"beautiful, good, worthy"
τιμῆς,"a price, honor"
ἰδίῳ,"one's own, private, personal"
ἔσχατον,"last, at the last, finally"
καλά,"beautiful, good, worthy"
παράκλησιν,"exhortation, entreaty, encouragement, comfort"
παθημάτων,"suffering, passion"
ποιήσαντες,"I do, make"
ἀκουέτω,"I hear, listen"
ἀνέμου,the wind
κἀκεῖνοι,"and he, she, it, and that"
οὐράνιος,heavenly
Σιών,Zion
κρίνω,"I judge, decide, think good"
τέσσαρας,four
ἐλάβομεν,"I receive, take"
καθήμενοι,"I sit, am seated"
ὀφείλομεν,"I owe, ought"
ἀνδρῶν,"a male human being, a man"
προσώπῳ,"the face, countenance, surface"
ῥίζα,"a root, that which comes from the root"
γενηθήτω,"I come into being, am born"
τραπέζης,a table for food or business
κοινωνίαν,"participation, communion, fellowship"
ἀποδώσει,"I give back, return, sell"
εὐαγγελιζόμενοι,"I bring good news, preach good tidings"
χαίρειν,"I rejoice, am glad"
ἔθετο,"I put, place"
εἱστήκεισαν,"I cause to stand, stand"
ἠρώτων,"I ask, question, request"
θλῖψις,"persecution, affliction, distress"
γινέσθω,"I come into being, am born"
ἀφορμήν,"an occasion, opportunity"
ἀποστείλας,"I send forth, send, send away, dismiss"
κατοικεῖ,"I dwell in, settle in, inhabit"
πιστοί,"trustworthy, faithful, believing"
ποιῆτε,"I do, make"
Σίμωνι,Simon
τινων,"any one, some one"
ἀρχήν,"ruler, beginning"
καλούμενος,"I call, invite, name"
χάραγμα,"sculpture, a stamp, sign"
Συμεών,Simeon or Simon
τιμή,"a price, honor"
σέσωκε(ν),"I save, heal"
παρακλήσει,"exhortation, entreaty, encouragement, comfort"
μένων,"I remain, abide"
σῶσον,"I save, heal"
δοθεῖσαν,"I offer, give"
ἔθνει,"a race, people, the Gentiles"
ἐζήτει,"I seek, search for, desire"
ἀπολέσαι,"I destroy, lose, am perishing"
διδάσκεις,I teach
προσήνεγκαν,"I bring to, offer"
υἱοῖς,"a son, descendent"
ἤγγισε(ν),"I come near, approach"
ἐσταύρωσαν,I crucify
μέλει,"it is a care, it concerns"
ἐγερθήσεται,"I wake, arouse, raise up"
παρεμβολήν,"a camp, barracks, army in battle array"
ἀνοῖξαι,I open
τόπου,a place
θέλομεν,"I will, wish, desire"
θέλοντες,"I will, wish, desire"
ζῶντες,I live
εὐαγγελίσασθαι,"I bring good news, preach good tidings"
πέμψαντα,I send
μισθός,"wages, reward"
λέγουσαν,"I say, speak"
ἄρτων,"bread, a loaf, food"
Μακεδονίας,Macedonia
Μαρίας,"Mary, Miriam"
ἠκολούθησε(ν),"I accompany, attend, follow"
λαλοῦντες,"I speak, say"
τηρεῖν,"I keep, guard, observe"
κἀκεῖνος,"and he, she, it, and that"
γένος,"offspring, family, race, kind"
καταβαῖνον,"I go down, come down"
ἀληθινός,"true, real, genuine"
περιτομήν,circumcision
ὑποπόδιον,a footstool
κτίσις,"creation, creature, institution"
γενόμενα,"I come into being, am born"
πανταχοῦ,everywhere
ἰχθύων,a fish
λοιπῶν,"left, left behind, the remainder"
ἐνέργειαν,"working, activity"
Ἀσίας,roughly the western third of Asia Minor
ἀναστῆναι,"I raise up, set up, rise from"
πλανᾶσθε,"I lead astray, deceive"
τέκνων,"a child, descendent, inhabitant"
ψεῦδος,a lie
πόδες,the foot
εὐωνύμων,"on the left-hand side, left"
περιεπάτει,"I walk, conduct my life"
ἀδύνατον,"incapable, impossible"
ὀφθαλμοῖς,the eye
ἀμφότεροι,both of two
ἰδίων,"one's own, private, personal"
ἔστησε(ν),"I cause to stand, stand"
ποιμήν,a shepherd
προσκυνήσουσι(ν),I worship
ἐκλεκτούς,"chosen, elect, choice, select"
βρυγμός,a grinding or gnashing
ἀναβλέψας,"I look up, recover my sight"
ἐλεημοσύνην,"alms-giving, charity"
διακονίας,"waiting at table, service, ministration"
ἐγεννήθη,"I beget, bring forth, give birth to"
παραστῆσαι,"I bring, present, come up to and stand by"
θρόνον,"a throne, seat"
